{"cameraMode":{"drawMode":0,"name":"Shaded","section":"Shading Mode"},"sceneLighting":true,"audioPlay":false,"sceneViewState":{"m_AlwaysRefresh":false,"showFog":true,"showSkybox":true,"showFlares":true,"showImageEffects":true,"showParticleSystems":true,"showVisualEffectGraphs":true,"m_FxEnabled":true},"in2DMode":false,"pivot":{"x":18.645708084106447,"y":-3.790408134460449,"z":-16.705591201782228},"rotation":{"x":-0.0017033417243510485,"y":0.9968059659004211,"z":-0.07671507447957993,"w":-0.022131573408842088},"size":17.123193740844728,"orthographic":false}