{"cameraMode":{"drawMode":0,"name":"Shaded","section":"Shading Mode"},"sceneLighting":true,"audioPlay":false,"sceneViewState":{"m_AlwaysRefresh":false,"showFog":true,"showSkybox":true,"showFlares":true,"showImageEffects":true,"showParticleSystems":true,"showVisualEffectGraphs":true,"m_FxEnabled":true},"in2DMode":false,"pivot":{"x":-21.961444854736329,"y":-8.27955150604248,"z":1.2034263610839844},"rotation":{"x":0.030434438958764077,"y":0.9645187854766846,"z":-0.22869598865509034,"w":0.12835660576820374},"size":12.156570434570313,"orthographic":false}