{"cameraMode":{"drawMode":0,"name":"Shaded","section":"Shading Mode"},"sceneLighting":true,"audioPlay":false,"sceneViewState":{"m_AlwaysRefresh":false,"showFog":true,"showSkybox":true,"showFlares":true,"showImageEffects":true,"showParticleSystems":true,"showVisualEffectGraphs":true,"m_FxEnabled":true},"in2DMode":false,"pivot":{"x":-26.428878784179689,"y":-2.0147972106933595,"z":3.4486560821533205},"rotation":{"x":-0.026957184076309205,"y":0.9729968905448914,"z":-0.16683073341846467,"w":-0.15722043812274934},"size":12.174806594848633,"orthographic":false}