{"cameraMode":{"drawMode":0,"name":"Shaded","section":"Shading Mode"},"sceneLighting":true,"audioPlay":false,"sceneViewState":{"m_AlwaysRefresh":false,"showFog":true,"showSkybox":true,"showFlares":true,"showImageEffects":true,"showParticleSystems":true,"showVisualEffectGraphs":true,"m_FxEnabled":true},"in2DMode":false,"pivot":{"x":-20.26125144958496,"y":0.9215781688690186,"z":19.5511474609375},"rotation":{"x":0.007737176958471537,"y":0.6507357954978943,"z":0.0066312397830188278,"w":-0.7592365145683289},"size":9.53088092803955,"orthographic":false}