{"cameraMode":{"drawMode":0,"name":"Shaded","section":"Shading Mode"},"sceneLighting":true,"audioPlay":false,"sceneViewState":{"m_AlwaysRefresh":false,"showFog":true,"showSkybox":true,"showFlares":true,"showImageEffects":true,"showParticleSystems":true,"showVisualEffectGraphs":true,"m_FxEnabled":true},"in2DMode":false,"pivot":{"x":-2.6290230751037599,"y":-0.1188359260559082,"z":-0.42831897735595705},"rotation":{"x":-0.062138333916664126,"y":0.9370697736740112,"z":-0.22218750417232514,"w":-0.2620665729045868},"size":5.8525776863098148,"orthographic":false}